page,product_name,code_google,produit,cout,collection
/products/product_path,product_surnom,71250548064434',product_name
/products/product_path,product_surnom,71250548064434',product_name
/products/product_path,product_surnom,71250548064434',product_name
/products/product_path,product_surnom,71250548064434',product_name
/products/product_path,product_surnom,71250548064434',product_name
/products/product_path,product_surnom,71250548064434',product_name
/products/product_path,product_surnom,71250548064434',product_name
/products/product_path,product_surnom,71250548064434',product_name
/products/product_path,product_surnom,71250548064434',product_name
/products/product_path,product_surnom,71250548064434',product_name
/products/product_path,product_surnom,71250548064434',product_name
/products/product_path,product_surnom,71250548064434',product_name
/products/product_path,product_surnom,71250548064434',product_name
/products/product_path,product_surnom,71250548064434',product_name
/products/product_path,product_surnom,71250548064434',product_name
/products/product_path,product_surnom,71250548064434',product_name
/products/product_path,product_surnom,71250548064434',product_name
/products/product_path,product_surnom,71250548064434',product_name
/products/product_path,product_surnom,71250548064434',product_name
/products/product_path,product_surnom,71250548064434',product_name
/products/product_path,product_surnom,71250548064434',product_name
/products/product_path,product_surnom,71250548064434',product_name
/products/product_path,product_surnom,71250548064434',product_name
/products/product_path,product_surnom,71250548064434',product_name
/products/product_path,product_surnom,71250548064434',product_name
/products/product_path,product_surnom,71250548064434',product_name
/products/product_path,product_surnom,71250548064434',product_name
/products/product_path,product_surnom,71250548064434',product_name
